symbol,signal,horizon_min,ic,pval,abs_ic,n_obs
QQQ,ofi_norm,1,-0.023728,0.0,0.023728,94977
QQQ,ofi_norm,5,-0.013519,3.1e-05,0.013519,94973
QQQ,ofi_norm,15,-0.014031,1.5e-05,0.014031,94963
QQQ,ofi_norm,60,-0.004296,0.185617,0.004296,94918
QQQ,ofi_roll5,1,-0.003486,0.282626,0.003486,94977
QQQ,ofi_roll5,5,-0.010929,0.000757,0.010929,94973
QQQ,ofi_roll5,15,-0.009859,0.002381,0.009859,94963
QQQ,ofi_roll5,60,-0.007098,0.028764,0.007098,94918
QQQ,ofi_roll10,1,-0.00448,0.167408,0.00448,94977
QQQ,ofi_roll10,5,-0.005571,0.085996,0.005571,94973
QQQ,ofi_roll10,15,-0.006268,0.053425,0.006268,94963
QQQ,ofi_roll10,60,-0.004545,0.161459,0.004545,94918
QQQ,ofi_roll20,1,0.001363,0.67446,0.001363,94977
QQQ,ofi_roll20,5,-0.003287,0.311081,0.003287,94973
QQQ,ofi_roll20,15,-0.009546,0.003263,0.009546,94963
QQQ,ofi_roll20,60,0.000261,0.935881,0.000261,94918
SPY,ofi_norm,1,-0.031911,0.0,0.031911,92970
SPY,ofi_norm,5,-0.021766,0.0,0.021766,92966
SPY,ofi_norm,15,-0.018494,0.0,0.018494,92956
SPY,ofi_norm,60,-0.006784,0.038653,0.006784,92911
SPY,ofi_roll5,1,-0.004675,0.154008,0.004675,92970
SPY,ofi_roll5,5,-0.013984,2e-05,0.013984,92966
SPY,ofi_roll5,15,-0.010781,0.001012,0.010781,92956
SPY,ofi_roll5,60,-0.003612,0.270862,0.003612,92911
SPY,ofi_roll10,1,-0.002184,0.505515,0.002184,92970
SPY,ofi_roll10,5,-0.007904,0.015956,0.007904,92966
SPY,ofi_roll10,15,-0.001498,0.647937,0.001498,92956
SPY,ofi_roll10,60,0.002715,0.407919,0.002715,92911
SPY,ofi_roll20,1,0.001586,0.628608,0.001586,92970
SPY,ofi_roll20,5,0.001382,0.673389,0.001382,92966
SPY,ofi_roll20,15,-0.003527,0.282201,0.003527,92956
SPY,ofi_roll20,60,0.006241,0.057133,0.006241,92911
